versionModelNumber,ProsthesisVendorName,deviceDescription
0100214144,zimmer,durom acetabular component
0100214146,zimmer,durom acetabular component
0100214148,zimmer,durom acetabular component
0100214150,zimmer,durom acetabular component
0100214152,zimmer,durom acetabular component
0100214154,zimmer,durom acetabular component
0100214156,zimmer,durom acetabular component
0100214158,zimmer,durom acetabular component
0100214160,zimmer,durom acetabular component
0100214162,zimmer,durom acetabular component
0100214164,zimmer,durom acetabular component
0100214166,zimmer,durom acetabular component
SPT070000S,depuy,rejuvenate modular stem
SPT080000S,depuy,rejuvenate modular stem
SPT090000S,depuy,rejuvenate modular stem
SPT100000S,depuy,rejuvenate modular stem
SPT110000S,depuy,rejuvenate modular stem
SPT120000S,depuy,rejuvenate modular stem
NLS300000B,depuy,rejuvenate modular neck
NLV300800Y,depuy,rejuvenate modular neck
NLV300800G,depuy,rejuvenate modular neck
NLS301600P,depuy,rejuvenate modular neck
NLS340000B,depuy,rejuvenate modular neck
NLV340800Y,depuy,rejuvenate modular neck
NLV340800G,depuy,rejuvenate modular neck
NLS341600P,depuy,rejuvenate modular neck
NLS380000B,depuy,rejuvenate modular neck
NLV380800Y,depuy,rejuvenate modular neck
NLV380800G,depuy,rejuvenate modular neck
NLS381600P,depuy,rejuvenate modular neck
NLS420000B,depuy,rejuvenate modular neck
NLV420800Y,depuy,rejuvenate modular neck
NLV420800G,depuy,rejuvenate modular neck
NLS421600P,depuy,rejuvenate modular neck
71335850,smith and nephew,R3 metal acetabular liner
71335852,smith and nephew,R3 metal acetabular liner
71335854,smith and nephew,R3 metal acetabular liner
71335856,smith and nephew,R3 metal acetabular liner
71335858,smith and nephew,R3 metal acetabular liner
71335860,smith and nephew,R3 metal acetabular liner
71335862,smith and nephew,R3 metal acetabular liner
71335864,smith and nephew,R3 metal acetabular liner
71335866,smith and nephew,R3 metal acetabular liner
48454101,stryker,ABG II hip stem
48454102,stryker,ABG II hip stem
48454103,stryker,ABG II hip stem
48454104,stryker,ABG II hip stem
48454105,stryker,ABG II hip stem
48454106,stryker,ABG II hip stem
48454107,stryker,ABG II hip stem
48454108,stryker,ABG II hip stem
48454201,stryker,ABG II hip stem
48454202,stryker,ABG II hip stem
48454203,stryker,ABG II hip stem
48454204,stryker,ABG II hip stem
48454205,stryker,ABG II hip stem
48454206,stryker,ABG II hip stem
48454207,stryker,ABG II hip stem
48454208,stryker,ABG II hip stem
48454410,stryker,ABG II neck
48454411,stryker,ABG II neck
48454412,stryker,ABG II neck
48454413,stryker,ABG II neck
48454414,stryker,ABG II neck
48454415,stryker,ABG II neck
48454416,stryker,ABG II neck
48454417,stryker,ABG II neck
48454418,stryker,ABG II neck
48454419,stryker,ABG II neck
999800744,depuy,ASR acetabular implant
999800746,depuy,ASR acetabular implant
999800748,depuy,ASR acetabular implant
999800750,depuy,ASR acetabular implant
999800752,depuy,ASR acetabular implant
999800754,depuy,ASR acetabular implant
999800756,depuy,ASR acetabular implant
999800758,depuy,ASR acetabular implant
999800760,depuy,ASR acetabular implant
999800762,depuy,ASR acetabular implant
999805764,depuy,ASR total acetabular implant
999805966,depuy,ASR total acetabular implant
999806168,depuy,ASR total acetabular implant
999806370,depuy,ASR total acetabular implant
999890039,depuy,ASR femoral implant
999890041,depuy,ASR femoral implant
999890043,depuy,ASR femoral implant
999890045,depuy,ASR femoral implant
999890047,depuy,ASR femoral implant
999890049,depuy,ASR femoral implant
999890051,depuy,ASR femoral implant
999890053,depuy,ASR femoral implant
999890055,depuy,ASR femoral implant
999890057,depuy,ASR femoral implant
999890059,depuy,ASR femoral implant
999890061,depuy,ASR femoral implant
999890063,depuy,ASR femoral implant
999890239,depuy,ASR uni femoral implant
999890241,depuy,ASR uni femoral implant
999890243,depuy,ASR uni femoral implant
999890245,depuy,ASR uni femoral implant
999890247,depuy,ASR uni femoral implant
999890249,depuy,ASR uni femoral implant
999890251,depuy,ASR uni femoral implant
999890253,depuy,ASR uni femoral implant
999890255,depuy,ASR uni femoral implant
999890157,depuy,ASR uni femoral implant
999890159,depuy,ASR uni femoral implant
999890161,depuy,ASR uni femoral implant
999890163,depuy,ASR uni femoral implant
999890340,depuy,ASR tap slv adap
999890343,depuy,ASR tap slv adap
999890346,depuy,ASR tap slv adap
999890349,depuy,ASR tap slv adap
999800312,depuy,ASR tap slv adap
999800315,depuy,ASR tap slv adap
999890333,depuy,ASR tap slv adap
999890353,depuy,ASR tap slv adap
999800318,depuy,ASR tap slv adap
999899025,depuy,ASR xla sml sleeve
999899035,depuy,ASR xla sml sleeve
999899045,depuy,ASR xla sml sleeve
999899055,depuy,ASR xla sml sleeve
999899019,depuy,ASR xla sml sleeve
999899029,depuy,ASR xla sml sleeve
999899039,depuy,ASR xla sml sleeve
999899049,depuy,ASR xla sml sleeve
999899059,depuy,ASR xla sml sleeve
999899069,depuy,ASR xla sml sleeve
999830744,depuy,ASR 300 cup
999830746,depuy,ASR 300 cup
999830748,depuy,ASR 300 cup
999830750,depuy,ASR 300 cup
999830752,depuy,ASR 300 cup
999830754,depuy,ASR 300 cup
999830756,depuy,ASR 300 cup
999830758,depuy,ASR 300 cup
999830760,depuy,ASR 300 cup
999830762,depuy,ASR 300 cup
999830764,depuy,ASR 300 cup
999830766,depuy,ASR 300 cup
999830768,depuy,ASR 300 cup
999830770,depuy,ASR 300 cup
999800764,depuy,ASR acetabular cup
999800766,depuy,ASR acetabular cup
999800768,depuy,ASR acetabular cup
999800770,depuy,ASR acetabular cup
999890257,depuy,ASR uni femoral implant
999890259,depuy,ASR uni femoral implant
999890261,depuy,ASR uni femoral implant
999890263,depuy,ASR uni femoral implant
999800139,depuy,ASR uni femoral implant
999800141,depuy,ASR uni femoral implant
999800143,depuy,ASR uni femoral implant
999800145,depuy,ASR uni femoral implant
999800147,depuy,ASR uni femoral implant
999800149,depuy,ASR uni femoral implant
999800151,depuy,ASR uni femoral implant
999800153,depuy,ASR uni femoral implant
999800155,depuy,ASR uni femoral implant
121889148,depuy,ultramet metal inserts 28mm
121889150,depuy,ultramet metal inserts 28mm
121889152,depuy,ultramet metal inserts 28mm
121889154,depuy,ultramet metal inserts 28mm
121889156,depuy,ultramet metal inserts 28mm
121889158,depuy,ultramet metal inserts 28mm
121889160,depuy,ultramet metal inserts 28mm
121887352,depuy,ultramet metal inserts 36mm
121887354,depuy,ultramet metal inserts 36mm
121887356,depuy,ultramet metal inserts 36mm
121887358,depuy,ultramet metal inserts 36mm
121887360,depuy,ultramet metal inserts 36mm
121887362,depuy,ultramet metal inserts 36mm
121887364,depuy,ultramet metal inserts 36mm
121887366,depuy,ultramet metal inserts 36mm
0100181380,zimmer,metasul balls
0100181400,zimmer,metasul balls
0100181420,zimmer,metasul balls
0100181440,zimmer,metasul balls
0100181460,zimmer,metasul balls
0100181480,zimmer,metasul balls
0100181500,zimmer,metasul balls
0100181520,zimmer,metasul balls
0100181540,zimmer,metasul balls
0100181560,zimmer,metasul balls
0100181580,zimmer,metasul balls
0100181600,zimmer,metasul balls
124748000,depuy,duraloc 100 series cup
124750000,depuy,duraloc 100 series cup
124752000,depuy,duraloc 100 series cup
124754000,depuy,duraloc 100 series cup
124756000,depuy,duraloc 100 series cup
124758000,depuy,duraloc 100 series cup
124760000,depuy,duraloc 100 series cup
124762000,depuy,duraloc 100 series cup
124764000,depuy,duraloc 100 series cup
124766000,depuy,duraloc 100 series cup
124648000,depuy,duraloc 300 series cup
124650000,depuy,duraloc 300 series cup
124652000,depuy,duraloc 300 series cup
124654000,depuy,duraloc 300 series cup
124656000,depuy,duraloc 300 series cup
124658000,depuy,duraloc 300 series cup
124660000,depuy,duraloc 300 series cup
124662000,depuy,duraloc 300 series cup
124664000,depuy,duraloc 300 series cup
124666000,depuy,duraloc 300 series cup
124668000,depuy,duraloc 300 series cup
124670000,depuy,duraloc 300 series cup
124672000,depuy,duraloc 300 series cup
124674000,depuy,duraloc 300 series cup
122248000,depuy,duraloc 400 series cup
122250000,depuy,duraloc 400 series cup
122252000,depuy,duraloc 400 series cup
122254000,depuy,duraloc 400 series cup
122256000,depuy,duraloc 400 series cup
122258000,depuy,duraloc 400 series cup
122260000,depuy,duraloc 400 series cup
122262000,depuy,duraloc 400 series cup
122264000,depuy,duraloc 400 series cup
122266000,depuy,duraloc 400 series cup
124580055,depuy,duraloc sector cup
124580056,depuy,duraloc sector cup
124580049,depuy,duraloc sector cup
124580050,depuy,duraloc sector cup
124580051,depuy,duraloc sector cup
124580052,depuy,duraloc sector cup
124580053,depuy,duraloc sector cup
124580054,depuy,duraloc sector cup
124580057,depuy,duraloc sector cup
124580058,depuy,duraloc sector cup
124548000,depuy,duraloc 1200 series cup
124550000,depuy,duraloc 1200 series cup
124552000,depuy,duraloc 1200 series cup
124554000,depuy,duraloc 1200 series cup
124556000,depuy,duraloc 1200 series cup
124558000,depuy,duraloc 1200 series cup
124560000,depuy,duraloc 1200 series cup
124562000,depuy,duraloc 1200 series cup
124564000,depuy,duraloc 1200 series cup
124566000,depuy,duraloc 1200 series cup
124568000,depuy,duraloc 1200 series cup
124570000,depuy,duraloc 1200 series cup
124572000,depuy,duraloc 1200 series cup
124574000,depuy,duraloc 1200 series cup
124538503,depuy,duraloc bantam cup
124540503,depuy,duraloc bantam cup
124542503,depuy,duraloc bantam cup
124544503,depuy,duraloc bantam cup
124546503,depuy,duraloc bantam cup
123948025,depuy,enduron 10d liner
123950025,depuy,enduron 10d liner
123952025,depuy,enduron 10d liner
123954025,depuy,enduron 10d liner
123956025,depuy,enduron 10d liner
123958025,depuy,enduron 10d liner
123960025,depuy,enduron 10d liner
123962025,depuy,enduron 10d liner
123964025,depuy,enduron 10d liner
123966025,depuy,enduron 10d liner
124008025,depuy,enduron neutral liner
124010025,depuy,enduron neutral liner
124012025,depuy,enduron neutral liner
124014025,depuy,enduron neutral liner
124016025,depuy,enduron neutral liner
124018025,depuy,enduron neutral liner
124020025,depuy,enduron neutral liner
124022025,depuy,enduron neutral liner
124024025,depuy,enduron neutral liner
124026025,depuy,enduron neutral liner











